{
  "cloudflare": [
    {
      "authentication": {
        "api_token": "api_token_here",
        "api_key": {
          "api_key": "api_key_here",
          "account_email": "your_email_here"
        }
      },
      "zone_id": "your_zone_id_here",
      "subdomains": [
        {
          "name": "",
          "proxied": false
        },
        {
          "name": "remove_or_replace_with_your_subdomain",
          "proxied": false
        }
      ]
    }
  ],
  "a": true,
  "aaaa": true,
  "purgeUnknownRecords": false,
  "ttl": 300
}
